[
  {
    "name": "theme_info",
    "settings": [
      {
        "type": "header",
        "content": "Aker Theme"
      },
      {
        "type": "paragraph",
        "content": "v1.0.0"
      },
      {
        "type": "paragraph",
        "content": "If you have any issues or questions related to our theme, please contact the developer: ascari@eqlbrm.com"
      }
    ]
  },
  {
    "name": "General",
    "settings": [
      {
        "type": "select",
        "id": "favicon_image",
        "label": "Favicon image",
        "default": "favicon.png",
        "options": [
          { "value": "favicon.png", "label": "Aker Kits"},
          { "value": "favicon-osbh.png", "label": "Open Source Beehives"}
        ]
      },
      {
        "type": "text",
        "id": "google_maps_key",
        "label": "Google Maps API key"
      },
      {
        "type": "header",
        "content": "Buzzbox"
      },
      {
        "type": "checkbox",
        "id": "show_buzzbox_page",
        "label": "Show in navigation"
      },
      {
        "type": "text",
        "id": "buzzbox_page_url",
        "label": "Page Url"
      },
      {
        "type": "text",
        "id": "buzzbox_app_store_url",
        "label": "App Store app url"
      },
      {
        "type": "text",
        "id": "buzzbox_google_play_url",
        "label": "Google Play app url"
      }
    ]
  },
  {
    "name": "Colors",
    "settings": [
      {
        "type": "header",
        "content": "General"
      },
      {
        "type": "color",
        "id": "aker_green_01",
        "label": "Primary color"
      },
      {
        "type": "color",
        "id": "aker_green_02",
        "label": "Secondary color"
      },
      {
        "type": "color",
        "id": "aker_green_03",
        "label": "Tertiary color"
      },
      {
        "type": "color",
        "id": "link_green",
        "label": "Link color"
      },
      {
        "type": "color",
        "id": "link_lime_green",
        "label": "Secondary Link color"
      },
      {
        "type": "header",
        "content": "Product page"
      },
      {
        "type": "color",
        "id": "product_details_bg_color",
        "label": "Details background color"
      },
      {
        "type": "color",
        "id": "product_breadcrumb_border_color",
        "label": "Breadcrumb border color"
      },
      {
        "type": "header",
        "content": "Primary Button"
      },
      {
        "type": "color",
        "id": "btn_primary_bg_color",
        "label": "Background color"
      },
      {
        "type": "color",
        "id": "btn_primary_color",
        "label": "Text color"
      },
      {
        "type": "color",
        "id": "btn_primary_active_bg_color",
        "label": "Pressed button background color"
      },
      {
        "type": "color",
        "id": "btn_primary_active_color",
        "label": "Pressed button text color"
      }
    ]
  },
  {
    "name": "Navigation",
    "settings": [
      {
        "type": "select",
        "id": "nav_logo",
        "label": "Navigation Logo",
        "default": "logotype.svg",
        "options": [
          { "value": "logotype.svg", "label": "Aker Kits"},
          { "value": "logotype-osbh.svg", "label": "Open Source Beehives"}
        ]
      },
      {
        "type": "header",
        "content": "Social Media"
      },
      {
        "type": "text",
        "id": "social_email",
        "label": "Email"
      },
      {
        "type": "text",
        "id": "social_facebook",
        "label": "Facebook"
      },
      {
        "type": "text",
        "id": "social_flickr",
        "label": "Flickr"
      },
      {
        "type": "text",
        "id": "social_google_plus",
        "label": "Google Plus"
      },
      {
        "type": "text",
        "id": "social_instagram",
        "label": "Instagram"
      },
      {
        "type": "text",
        "id": "social_linkedin",
        "label": "LinkedIn"
      },
      {
        "type": "text",
        "id": "social_pinterest",
        "label": "Pinterest"
      },
      {
        "type": "text",
        "id": "social_tumblr",
        "label": "Tumblr"
      },
      {
        "type": "text",
        "id": "social_twitter",
        "label": "Twitter"
      },
      {
        "type": "text",
        "id": "social_vimeo",
        "label": "Vimeo"
      },
      {
        "type": "text",
        "id": "social_youtube",
        "label": "Youtube"
      },
      {
        "type": "header",
        "content": "Partner Links"
      },
      {
        "type": "text",
        "id": "nav_left_link_title",
        "label": "Left link title"
      },
      {
        "type": "text",
        "id": "nav_left_link_href",
        "label": "Left link website"
      },
      {
        "type": "select",
        "id": "nav_left_link_image",
        "label": "Left link image",
        "default": "symbol-aker-kits.svg",
        "options": [
          { "value": "symbol-aker-kits.svg", "label": "Aker Kits"},
          { "value": "symbol-open-beehives.svg", "label": "Open Source Beehives"},
          { "value": "symbol-urban-farms.svg", "label": "Urban Farms"}
        ]
      },
      {
        "type": "text",
        "id": "nav_right_link_title",
        "label": "Right link title"
      },
      {
        "type": "text",
        "id": "nav_right_link_href",
        "label": "Right link website"
      },
      {
        "type": "select",
        "id": "nav_right_link_image",
        "label": "Right link image",
        "default": "symbol-aker-kits.svg",
        "options": [
          { "value": "symbol-aker-kits.svg", "label": "Aker Kits"},
          { "value": "symbol-open-beehives.svg", "label": "Open Source Beehives"},
          { "value": "symbol-urban-farms.svg", "label": "Urban Farms"}
        ]
      }
    ]
  },
  {
    "name": "Home page",
    "settings": [
      {
        "type": "header",
        "content": "General"
      },
      {
        "type": "checkbox",
        "id": "home_slideshow_section",
        "label": "Show slideshow",
        "default": true
      },
      {
        "type": "checkbox",
        "id": "home_featured_on_section",
        "label": "Show Featured On section",
        "default": true
      },
      {
        "type": "checkbox",
        "id": "home_osbh_features_on_section",
        "label": "Show OSBH Features section",
        "default": false
      },
      {
        "type": "checkbox",
        "id": "home_footer_section",
        "label": "Show footer",
        "default": true
      },
      {
        "type": "checkbox",
        "id": "home_featured_collection_section",
        "label": "Show featured collection",
        "default": true
      },
      {
        "type": "collection",
        "id": "home_featured_collection",
        "label": "Feature collection"
      },
      {
        "type": "select",
        "id": "home_slideshow_button",
        "label": "Slideshow button class",
        "default": "Button--primary",
        "options": [
          { "value": "Button--primary", "label": "Primary"},
          { "value": "Button--outline", "label": "Secondary"}
        ]
      },
      {
        "type": "header",
        "content": "Slider"
      },
      {
        "type": "select",
        "id": "home_slider_animation",
        "label": "Animation",
        "default": "slide",
        "options": [
          { "value": "slide", "label": "Slide"},
          { "value": "fade", "label": "Fade"}
        ]
      },
      {
        "type": "select",
        "id": "home_slider_slideshow_speed",
        "label": "Rotation interval",
        "default": "5000",
        "options": [
          { "value": "3000", "label": "3 second"},
          { "value": "4000", "label": "4 second"},
          { "value": "5000", "label": "5 second"},
          { "value": "6000", "label": "6 second"},
          { "value": "7000", "label": "7 second"},
          { "value": "8000", "label": "8 second"}
        ]
      },
      {
        "type": "select",
        "id": "home_slider_animation_speed",
        "label": "Animation Speed",
        "default": "400",
        "options": [
          { "value": "300", "label": "300 milliseconds"},
          { "value": "400", "label": "400 milliseconds"},
          { "value": "500", "label": "500 milliseconds"},
          { "value": "600", "label": "600 milliseconds"},
          { "value": "700", "label": "700 milliseconds"},
          { "value": "800", "label": "800 milliseconds"}
        ]
      },
      {
        "type": "select",
        "id": "home_slider_easing",
        "label": "Easing Function",
        "default": "swing",
        "options": [
          { "value": "swing", "label": "Swing"},
          { "value": "linear", "label": "Linear"}
        ]
      },
      {
        "type": "text",
        "id": "home_slider_init_delay",
        "label": "Initial Delay",
        "default": "400"
      },
      {
        "type": "checkbox",
        "id": "home_slider_reverse",
        "label": "Reverse Direction",
        "default": false
      },
      {
        "type": "checkbox",
        "id": "home_slider_touch",
        "label": "Enable touch support",
        "default": false
      },
      {
        "type": "checkbox",
        "id": "home_slider_simulate_touch",
        "label": "Treat mouse as a finger.",
        "default": false,
        "info": "Touch support must be enabled."
      },
      {
        "type": "header",
        "content": "Slide 1"
      },
      {
        "type": "checkbox",
        "id": "home_slide1",
        "label": "Enabled",
        "default": false
      },
      {
        "type": "image",
        "id": "index.jpg",
        "label": "Slide Image"
      },
      {
        "type": "textarea",
        "id": "home_slide1_title",
        "label": "Title"
      },
      {
        "type": "textarea",
        "id": "home_slide1_subtitle",
        "label": "Subtitle"
      },
      {
        "type": "text",
        "id": "home_slide1_button_label",
        "label": "Button label"
      },
      {
        "type": "text",
        "id": "home_slide1_button_href",
        "label": "Button url"
      },
      {
        "type": "select",
        "id": "home_slide1_class_name",
        "label": "Slider text style",
        "options": [
          { "value": "-intro", "label": "Aker kits - 1st Slide"},
          { "value": "-kits", "label": "Aker kits - 2nd Slide"},
          { "value": "-osbh", "label": "Open Source Beehives - 1st Slide"}
        ]
      },
      {
        "type": "header",
        "content": "Slide 2"
      },
      {
        "type": "checkbox",
        "id": "home_slide2",
        "label": "Enabled",
        "default": false
      },
      {
        "type": "image",
        "id": "index-2.jpg",
        "label": "Slide Image"
      },
      {
        "type": "textarea",
        "id": "home_slide2_title",
        "label": "Title"
      },
      {
        "type": "textarea",
        "id": "home_slide2_subtitle",
        "label": "Subtitle"
      },
      {
        "type": "text",
        "id": "home_slide2_button_label",
        "label": "Button label"
      },
      {
        "type": "text",
        "id": "home_slide2_button_href",
        "label": "Button url"
      },
      {
        "type": "select",
        "id": "home_slide2_class_name",
        "label": "Slider text style",
        "options": [
          { "value": "-intro", "label": "Aker kits - 1st Slide"},
          { "value": "-kits", "label": "Aker kits - 2nd Slide"},
          { "value": "-osbh", "label": "Open Source Beehives - 1st Slide"}
        ]
      },
      {
        "type": "header",
        "content": "Slide 3"
      },
      {
        "type": "checkbox",
        "id": "home_slide3",
        "label": "Enabled",
        "default": false
      },
      {
        "type": "image",
        "id": "index-3.jpg",
        "label": "Slide Image"
      },
      {
        "type": "textarea",
        "id": "home_slide3_title",
        "label": "Title"
      },
      {
        "type": "textarea",
        "id": "home_slide3_subtitle",
        "label": "Subtitle"
      },
      {
        "type": "text",
        "id": "home_slide3_button_label",
        "label": "Button label"
      },
      {
        "type": "text",
        "id": "home_slide3_button_href",
        "label": "Button url"
      },
      {
        "type": "select",
        "id": "home_slide3_class_name",
        "label": "Slider text style",
        "options": [
          { "value": "-intro", "label": "Aker kits - 1st Slide"},
          { "value": "-kits", "label": "Aker kits - 2nd Slide"},
          { "value": "-osbh", "label": "Open Source Beehives - 1st Slide"}
        ]
      },
      {
        "type": "header",
        "content": "Slide 4"
      },
      {
        "type": "checkbox",
        "id": "home_slide4",
        "label": "Enabled",
        "default": false
      },
      {
        "type": "image",
        "id": "index-4.jpg",
        "label": "Slide Image"
      },
      {
        "type": "textarea",
        "id": "home_slide4_title",
        "label": "Title"
      },
      {
        "type": "textarea",
        "id": "home_slide4_subtitle",
        "label": "Subtitle"
      },
      {
        "type": "text",
        "id": "home_slide4_button_label",
        "label": "Button label"
      },
      {
        "type": "text",
        "id": "home_slide4_button_href",
        "label": "Button url"
      },
      {
        "type": "select",
        "id": "home_slide4_class_name",
        "label": "Slider text style",
        "options": [
          { "value": "-intro", "label": "Aker kits - 1st Slide"},
          { "value": "-kits", "label": "Aker kits - 2nd Slide"},
          { "value": "-osbh", "label": "Open Source Beehives - 1st Slide"}
        ]
      },
      {
        "type": "header",
        "content": "Slide 5"
      },
      {
        "type": "checkbox",
        "id": "home_slide5",
        "label": "Enabled",
        "default": false
      },
      {
        "type": "image",
        "id": "index-5.jpg",
        "label": "Slide Image"
      },
      {
        "type": "textarea",
        "id": "home_slide5_title",
        "label": "Title"
      },
      {
        "type": "textarea",
        "id": "home_slide5_subtitle",
        "label": "Subtitle"
      },
      {
        "type": "text",
        "id": "home_slide5_button_label",
        "label": "Button label"
      },
      {
        "type": "text",
        "id": "home_slide5_button_href",
        "label": "Button url"
      },
      {
        "type": "select",
        "id": "home_slide5_class_name",
        "label": "Slider text style",
        "options": [
          { "value": "-intro", "label": "Aker kits - 1st Slide"},
          { "value": "-kits", "label": "Aker kits - 2nd Slide"},
          { "value": "-osbh", "label": "Open Source Beehives - 1st Slide"}
        ]
      },
      {
        "type": "header",
        "content": "Slide 6"
      },
      {
        "type": "checkbox",
        "id": "home_slide6",
        "label": "Enabled",
        "default": false
      },
      {
        "type": "image",
        "id": "index-6.jpg",
        "label": "Slide Image"
      },
      {
        "type": "textarea",
        "id": "home_slide6_title",
        "label": "Title"
      },
      {
        "type": "textarea",
        "id": "home_slide6_subtitle",
        "label": "Subtitle"
      },
      {
        "type": "text",
        "id": "home_slide6_button_label",
        "label": "Button label"
      },
      {
        "type": "text",
        "id": "home_slide6_button_href",
        "label": "Button url"
      },
      {
        "type": "select",
        "id": "home_slide6_class_name",
        "label": "Slider text style",
        "options": [
          { "value": "-intro", "label": "Aker kits - 1st Slide"},
          { "value": "-kits", "label": "Aker kits - 2nd Slide"},
          { "value": "-osbh", "label": "Open Source Beehives - 1st Slide"}
        ]
      }
    ]
  },
  {
    "name": "About page",
    "settings": [
      {
        "type": "header",
        "content": "Slider"
      },
      {
        "type": "select",
        "id": "about_slider_animation",
        "label": "Animation",
        "default": "slide",
        "options": [
          { "value": "slide", "label": "Slide"},
          { "value": "fade", "label": "Fade"}
        ]
      },
      {
        "type": "select",
        "id": "about_slider_slideshow_speed",
        "label": "Rotation interval",
        "default": "5000",
        "options": [
          { "value": "3000", "label": "3 second"},
          { "value": "4000", "label": "4 second"},
          { "value": "5000", "label": "5 second"},
          { "value": "6000", "label": "6 second"},
          { "value": "7000", "label": "7 second"},
          { "value": "8000", "label": "8 second"}
        ]
      },
      {
        "type": "select",
        "id": "about_slider_animation_speed",
        "label": "Animation Speed",
        "default": "400",
        "options": [
          { "value": "300", "label": "300 milliseconds"},
          { "value": "400", "label": "400 milliseconds"},
          { "value": "500", "label": "500 milliseconds"},
          { "value": "600", "label": "600 milliseconds"},
          { "value": "700", "label": "700 milliseconds"},
          { "value": "800", "label": "800 milliseconds"}
        ]
      },
      {
        "type": "select",
        "id": "about_slider_easing",
        "label": "Easing Function",
        "default": "swing",
        "options": [
          { "value": "swing", "label": "Swing"},
          { "value": "linear", "label": "Linear"}
        ]
      },
      {
        "type": "text",
        "id": "about_slider_init_delay",
        "label": "Initial Delay",
        "default": "0"
      },
      {
        "type": "checkbox",
        "id": "about_slider_reverse",
        "label": "Reverse Direction",
        "default": false
      },
      {
        "type": "checkbox",
        "id": "about_slider_touch",
        "label": "Enable touch support",
        "default": false
      },
      {
        "type": "checkbox",
        "id": "about_slider_simulate_touch",
        "label": "Treat mouse as a finger.",
        "default": false,
        "info": "Touch support must be enabled."
      },
      {
        "type": "header",
        "content": "Slide 1"
      },
      {
        "type": "checkbox",
        "id": "about_slide1",
        "label": "Enabled",
        "default": false
      },
      {
        "type": "image",
        "id": "about-slide-planter.png",
        "label": "Slide Image"
      },
      {
        "type": "textarea",
        "id": "about_slide1_content",
        "label": "Content"
      },
      {
        "type": "header",
        "content": "Slide 2"
      },
      {
        "type": "checkbox",
        "id": "about_slide2",
        "label": "Enabled",
        "default": false
      },
      {
        "type": "image",
        "id": "about-slide-woods.png",
        "label": "Slide Image"
      },
      {
        "type": "textarea",
        "id": "about_slide2_content",
        "label": "Content"
      },
      {
        "type": "header",
        "content": "Slide 3"
      },
      {
        "type": "checkbox",
        "id": "about_slide3",
        "label": "Enabled",
        "default": false
      },
      {
        "type": "image",
        "id": "about-slide-material.png",
        "label": "Slide Image"
      },
      {
        "type": "textarea",
        "id": "about_slide3_content",
        "label": "Content"
      },
      {
        "type": "header",
        "content": "Slide 4"
      },
      {
        "type": "checkbox",
        "id": "about_slide4",
        "label": "Enabled",
        "default": false
      },
      {
        "type": "image",
        "id": "about-slide-assembly.png",
        "label": "Slide Image"
      },
      {
        "type": "textarea",
        "id": "about_slide4_content",
        "label": "Content"
      },
      {
        "type": "header",
        "content": "Slide 5"
      },
      {
        "type": "checkbox",
        "id": "about_slide5",
        "label": "Enabled",
        "default": false
      },
      {
        "type": "image",
        "id": "about-slide-balcony-plants.png",
        "label": "Slide Image"
      },
      {
        "type": "textarea",
        "id": "about_slide5_content",
        "label": "Content"
      },
      {
        "type": "header",
        "content": "Featured On Section"
      },
      {
        "type": "select",
        "id": "about_theme",
        "label": "Preset",
        "default": "aker",
        "options": [
          { "value": "aker", "label": "Aker Kits"},
          { "value": "osbh", "label": "Open Source Beehives"}
        ]
      }
    ]
  },
  {
    "name": "Contact page",
    "settings": [
      {
        "type": "header",
        "content": "Map"
      },
      {
        "type": "checkbox",
        "id": "contact_show_map",
        "label": "Show map",
        "default": true
      },
      {
        "type": "text",
        "id": "contact_map_lat",
        "label": "Lat"
      },
      {
        "type": "text",
        "id": "contact_map_lng",
        "label": "Lng"
      },
      {
        "type": "select",
        "id": "contact_map_zoom",
        "label": "Zoom",
        "default": "14",
        "options": [
          { "value": "12", "label": "12x"},
          { "value": "13", "label": "13x"},
          { "value": "14", "label": "14x"},
          { "value": "15", "label": "15x"},
          { "value": "16", "label": "16x"}
        ]
      },
      {
        "type": "header",
        "content": "Infobox"
      },
      {
        "type": "select",
        "id": "contact_map_info_symbol",
        "label": "Symbol",
        "options": [
          { "value": "symbol-aker-kits.svg", "label": "Aker Kits"},
          { "value": "symbol-open-beehives.svg", "label": "Open Source Beehives" },
          { "value": "symbol-urban-farms.svg", "label": "Urban Farms" }
        ]
      },
      {
        "type": "text",
        "id": "contact_map_info_title",
        "label": "Title"
      },
      {
        "type": "text",
        "id": "contact_map_info_phone_number",
        "label": "Phone number"
      },
      {
        "type": "textarea",
        "id": "contact_map_info_address",
        "label": "Address"
      }
    ]
  },
  {
    "name": "Product page",
    "settings": [
      {
        "type": "header",
        "content": "General"
      },
      {
        "type": "checkbox",
        "id": "product_show_breadcrumb",
        "label": "Show breadcrumb",
        "default": false
      },
      {
        "type": "checkbox",
        "id": "product_show_share_link",
        "label": "Show share link",
        "default": false
      },
      {
        "type": "checkbox",
        "id": "product_show_quantity",
        "label": "Show quantity input",
        "default": false
      },
      {
        "type": "header",
        "content": "Slider"
      },
      {
        "type": "select",
        "id": "product_slider_animation",
        "label": "Animation",
        "default": "slide",
        "options": [
          { "value": "slide", "label": "Slide"},
          { "value": "fade", "label": "Fade"}
        ]
      },
      {
        "type": "select",
        "id": "product_slider_slideshow_speed",
        "label": "Rotation interval",
        "default": "5000",
        "options": [
          { "value": "3000", "label": "3 second"},
          { "value": "4000", "label": "4 second"},
          { "value": "5000", "label": "5 second"},
          { "value": "6000", "label": "6 second"},
          { "value": "7000", "label": "7 second"},
          { "value": "8000", "label": "8 second"}
        ]
      },
      {
        "type": "select",
        "id": "product_slider_animation_speed",
        "label": "Animation Speed",
        "default": "400",
        "options": [
          { "value": "300", "label": "300 milliseconds"},
          { "value": "400", "label": "400 milliseconds"},
          { "value": "500", "label": "500 milliseconds"},
          { "value": "600", "label": "600 milliseconds"},
          { "value": "700", "label": "700 milliseconds"},
          { "value": "800", "label": "800 milliseconds"}
        ]
      },
      {
        "type": "select",
        "id": "product_slider_easing",
        "label": "Easing Function",
        "default": "swing",
        "options": [
          { "value": "swing", "label": "Swing"},
          { "value": "linear", "label": "Linear"}
        ]
      },
      {
        "type": "text",
        "id": "product_slider_init_delay",
        "label": "Initial Delay",
        "default": "0"
      },
      {
        "type": "checkbox",
        "id": "product_slider_reverse",
        "label": "Reverse Direction",
        "default": false
      },
      {
        "type": "checkbox",
        "id": "product_slider_touch",
        "label": "Enable touch support",
        "default": false
      },
      {
        "type": "checkbox",
        "id": "product_slider_simulate_touch",
        "label": "Treat mouse as a finger.",
        "default": false,
        "info": "Touch support must be enabled."
      }
    ]
  },
  {
    "name": "Newsletter modal",
    "settings": [
      {
        "type": "checkbox",
        "id": "newsletter_enabled",
        "label": "Enable newsletter",
        "default": true
      },
      {
        "type": "select",
        "id": "newsletter_auto",
        "label": "Autoshow newsletter",
        "options": [
          {
            "value": "0",
            "label": "Disabled"
          },
          {
            "value": "10",
            "label": "After 5 seconds"
          },
          {
            "value": "20",
            "label": "After 20 seconds"
          },
          {
            "value": "30",
            "label": "After 30 seconds"
          },
          {
            "value": "40",
            "label": "After 40 seconds"
          },
          {
            "value": "50",
            "label": "After 50 seconds"
          },
          {
            "value": "60",
            "label": "After one minute"
          }
        ]
      },
      {
        "type": "text",
        "id": "newsletter_title",
        "label": "Title",
        "default": "Newsletter"
      },
      {
        "type": "textarea",
        "id": "newsletter_subtitle",
        "label": "Subtitle"
      },
      {
        "type": "text",
        "id": "newsletter_button_label",
        "label": "Button label",
        "default": "Subscribe"
      },
      {
        "type": "text",
        "id": "newsletter_input_placeholder",
        "label": "Input placeholder"
      },
      {
        "type": "header",
        "content": "Header"
      },
      {
        "type": "checkbox",
        "id": "newsletter_image_use",
        "label": "Enable header image",
        "default": true
      }, 
      {
         "type": "color",
         "id": "newsletter_header_color",
         "label": "Background color",
         "default": "#2a6b25"
      },
      {
        "type": "image",
        "id": "newsletter-bg.png",
        "label": "Background Image"
      },
      {
        "type": "text",
        "id": "newsletter_header_gradient",
        "label": "Background gradient",
        "default": "linear-gradient(100deg, #2a6b25, #97b520)"
      },
      {
        "type": "header",
        "content": "Form"
      },
      {
        "type": "text",
        "id": "newsletter_form_action",
        "label": "MailChimp form action URL",
        "info": "[Click here](http:\/\/docs.shopify.com\/manual\/configuration\/store-customization\/communicating-with-customers\/accounts-and-newsletters\/where-do-i-get-my-mailchimp-form-action) to learn how to get your form action."
      }
    ]
  },
  {
    "name": "Search modal",
    "settings": [
      {
        "type": "text",
        "id": "search_modal_title",
        "label": "Title",
        "default": "Search"
      },
      {
        "type": "text",
        "id": "search_modal_button_label",
        "label": "Button label",
        "default": "Search"
      },
      {
        "type": "text",
        "id": "search_modal_input_placeholder",
        "label": "Input placeholder"
      }
    ]
  },
  {
    "name": "Assembly Manuals",
    "settings": [
      {
        "type": "header",
        "content": "<handle>,<handle>|<url>"
      },
      {
        "type": "textarea",
        "id": "assembly_manuals",
        "label": "Products and urls are seperated by a pipe `|` character. Multiple products are seperated by a comma `,`. A product is defined by its handle.",
        "default": "growsquare-raised-bed|https://avatars2.githubusercontent.com/u/2263170?v=3&s=256"
      }
    ]
  }
]