{"current":{"favicon_image":"favicon.png","google_maps_key":"AIzaSyDQxGq9pggruuFjlHmVLx6N3LMvgEPvVVY","show_buzzbox_page":false,"buzzbox_page_url":"\/pages\/buzz-box-app","buzzbox_app_store_url":"","buzzbox_google_play_url":"","aker_green_01":"#498744","aker_green_02":"#7eb445","aker_green_03":"#aeca47","link_green":"#6da936","link_lime_green":"#b3d92b","product_details_bg_color":"#498744","product_breadcrumb_border_color":"#dae6cf","btn_primary_bg_color":"#7eb445","btn_primary_color":"#fff","btn_primary_active_bg_color":"#498744","btn_primary_active_color":"#fff","nav_logo":"logotype.svg","social_email":"","social_facebook":"https:\/\/www.facebook.com\/akerkits","social_flickr":"","social_google_plus":"","social_instagram":"https:\/\/www.instagram.com\/akerkits\/","social_linkedin":"","social_pinterest":"","social_tumblr":"","social_twitter":"https:\/\/twitter.com\/akerkits","social_vimeo":"","social_youtube":"","nav_left_link_title":"aker kits","nav_left_link_href":"https:\/\/akerkits.com\/","nav_left_link_image":"symbol-aker-kits.svg","nav_right_link_title":"open beehives","nav_right_link_href":"https:\/\/opensourcebeehives.com\/","nav_right_link_image":"symbol-open-beehives.svg","home_slideshow_section":true,"home_featured_on_section":true,"home_osbh_features_on_section":false,"home_footer_section":true,"home_featured_collection_section":true,"home_featured_collection":"products","home_slideshow_button":"Button--outline","home_slider_animation":"slide","home_slider_slideshow_speed":"5000","home_slider_animation_speed":"400","home_slider_easing":"swing","home_slider_init_delay":"200","home_slider_reverse":true,"home_slider_touch":false,"home_slider_simulate_touch":false,"home_slide1":true,"home_slide1_title":"Home gardening made easy and affordable.","home_slide1_subtitle":"Our open source garden kits provide you with high quality planters kits for your gardening needs. Buy and have them sent to your home or download the source files for free and build them yourself!","home_slide1_button_label":"see our kits","home_slide1_button_href":"\/collections\/products","home_slide1_class_name":"-intro","home_slide2":true,"home_slide2_title":"Release the maker in you!","home_slide2_subtitle":"All our kits’ source files are available for free so you can build them yourself.","home_slide2_button_label":"download our source files","home_slide2_button_href":"\/collections\/source-files","home_slide2_class_name":"-kits","home_slide3":false,"home_slide3_title":"","home_slide3_subtitle":"","home_slide3_button_label":"","home_slide3_button_href":"","home_slide3_class_name":"-intro","home_slide4":false,"home_slide4_title":"","home_slide4_subtitle":"","home_slide4_button_label":"","home_slide4_button_href":"","home_slide4_class_name":"-intro","home_slide5":false,"home_slide5_title":"","home_slide5_subtitle":"","home_slide5_button_label":"","home_slide5_button_href":"","home_slide5_class_name":"-intro","home_slide6":false,"home_slide6_title":"","home_slide6_subtitle":"","home_slide6_button_label":"","home_slide6_button_href":"","home_slide6_class_name":"-intro","about_slider_animation":"slide","about_slider_slideshow_speed":"5000","about_slider_animation_speed":"400","about_slider_easing":"swing","about_slider_init_delay":"0","about_slider_reverse":false,"about_slider_touch":false,"about_slider_simulate_touch":false,"about_slide1":true,"about_slide1_content":"<b>Easy to assemble<\/b>. They snap together in just seconds without screws or glues.","about_slide2":true,"about_slide2_content":"<b>Ecologically Sound Materials &amp; Practices<\/b>. Made from durable, ethically sourced Birch woods (<a href='https:\/\/us.fsc.org\/en-us\/certification'>FSC-Certified<\/a>)","about_slide3":true,"about_slide3_content":"<b>Weather-resistant sealer<\/b>. Coated with foodsafe sealers (<a href='http:\/\/agralifeproducts.com\/products\/product\/hive-seal'>Hive Seal<\/a>)","about_slide4":true,"about_slide4_content":"<b>Assemble in just seconds without tools or glues<\/b>. Easy to take apart and pack flat for convenient transport","about_slide5":true,"about_slide5_content":"<b>An ecosystem in your home<\/b>. Are designed to create micro-ecosystems in your urban living space","about_theme":"aker","contact_show_map":true,"contact_map_lat":"39.9207914","contact_map_lng":"-105.101277","contact_map_zoom":"14","contact_map_info_symbol":"symbol-urban-farms.svg","contact_map_info_title":"AKER HQ","contact_map_info_phone_number":" 720-441-2970","contact_map_info_address":"2780 Industrial Ln. Broomfield, CO 80020 United States","product_show_breadcrumb":true,"product_show_share_link":true,"product_show_quantity":true,"product_slider_animation":"slide","product_slider_slideshow_speed":"5000","product_slider_animation_speed":"400","product_slider_easing":"swing","product_slider_init_delay":"0","product_slider_reverse":false,"product_slider_touch":true,"product_slider_simulate_touch":true,"newsletter_enabled":true,"newsletter_auto":"10","newsletter_title":"Aker Newsletter","newsletter_subtitle":"Stay up to date on the latest product releases, special offers & news by subscribing to our newsletter.","newsletter_button_label":"Subscribe","newsletter_input_placeholder":"Enter your email here…","newsletter_image_use":true,"newsletter_header_color":"#2a6b25","newsletter_header_gradient":"linear-gradient(100deg, #2a6b25, #97b527)","newsletter_form_action":"\/\/aker.us7.list-manage.com\/subscribe\/post?u=295deb81534dfcfc2d3483505&id=7ed348d2a1","search_modal_title":"Search Aker","search_modal_button_label":"Search","search_modal_input_placeholder":"Enter keywords here…","assembly_manuals":"wormhaus-v1-1|http:\/\/docs.akerkits.com\/user-manuals\/wormhaus-vermicomposter\/","checkout_header_image":"","checkout_logo_image":"shopify:\/\/shop_images\/logotype-color.png","checkout_logo_position":"left","checkout_logo_size":"medium","checkout_body_background_image":"","checkout_body_background_color":"#fff","checkout_input_background_color_mode":"white","checkout_sidebar_background_image":"","checkout_sidebar_background_color":"#fafafa","checkout_heading_font":"Helvetica Neue","checkout_body_font":"Helvetica Neue","checkout_accent_color":"#1990C6","checkout_button_color":"#1990C6","checkout_error_color":"#ff6d6d","source_files_video_full":true,"breadcrumb_enabled":true,"cart_notes_enable":true,"quantity_selector":true,"sidebar_bg":"#ffffff","truncated_description":true,"truncated_description_lines":"173","twittercard_handle":"","logo_image":true,"sharing_modal_title":"Spread the word!","newsletter_header_image":"newsletter-bg.png","newsletter_sidebar":true,"newsletter_use_image":true,"home_slider_start_at":0,"home_slider_use_css":true,"home_slide2_image":"index-2.jpg","about_slider_enabled":true,"about_slider_start_at":0,"about_slider_use_css":true,"about_slide6":false,"about_slide6_content":"","product_slider_start_at":0,"product_slider_use_css":true,"product_collapse_description":true,"product_description_collapse_size":"","grey_dark":"#494d45","grey_light":"#c7ccc2","grey_lighter":"#dae6cf","grey_medium":"#798073","grey":"#aeb3aa","light_grey_03":"#f6f7f5","light_grey_02":"#fcfdfc","content_for_index":[]},"presets":{"Aker Kits":{"nav_logo":"logotype.svg","product_details_bg_color":"#498744","product_breadcrumb_border_color":"#dae6cf","aker_green_01":"#498744","aker_green_02":"#7eb445","aker_green_03":"#aeca47","link_lime_green":"#b3d92b","link_green":"#6da936","btn_primary_bg_color":"#7eb445","btn_primary_color":"#fff","btn_primary_active_bg_color":"#498744","btn_primary_active_color":"#fff","home_slideshow_button":"Button--outline","home_slide1":true,"home_slide1_class_name":"-intro","home_slide1_title":"Home gardening made easy and affordable.","home_slide1_subtitle":"Our open source garden kits provide you with high quality planters kits for your gardening needs. Buy and have them sent to your home or download the source files for free and build them yourself!","home_slide1_button_label":"see our kits","home_slide1_button_href":"\/collections\/products","home_slide2":true,"home_slide2_class_name":"-kits","home_slide2_title":"Release the maker in you!","home_slide2_image":"index-2.jpg","home_slide2_subtitle":"All our kits’ source files are available for free so you can build them yourself.","home_slide2_button_label":"download our source files","home_slide2_button_href":"\/collections\/source-files","home_slide3":false,"home_slide4":false,"home_slide5":false,"contact_map_info_symbol":"symbol-urban-farms.svg","newsletter_header_gradient":"linear-gradient(100deg, #2a6b25, #97b527)","newsletter_title":"Aker Newsletter","social_email":"","social_facebook":"https:\/\/www.facebook.com\/akerkits","social_flickr":"","social_google_plus":"","social_instagram":"https:\/\/www.instagram.com\/akerkits\/","social_linkedin":"","social_pinterest":"","social_tumblr":"","social_twitter":"https:\/\/twitter.com\/akerkits","social_vimeo":"","social_youtube":"","favicon_image":"favicon.png"},"Open Beehives":{"nav_logo":"logotype-osbh.svg","product_details_bg_color":"#3f321f","product_breadcrumb_border_color":"#cc9900","aker_green_01":"#cc9900","aker_green_02":"#c08806","aker_green_03":"#cc9900","link_lime_green":"#ffce2e","link_green":"#c08806","btn_primary_bg_color":"#ffce2e","btn_primary_color":"#664414","btn_primary_active_bg_color":"#f3b600","btn_primary_active_color":"#664414","home_featured_on_section":true,"home_osbh_features_on_section":true,"home_featured_collection_section":false,"home_footer_section":false,"home_slideshow_section":true,"home_slideshow_button":"Button--primary","home_slide1":true,"home_slide1_image":"index-osbh.jpg","home_slide1_class_name":"-osbh","home_slide1_title":"<b>Sensor Enhanced<\/b><br>Open Source Beehives","home_slide1_subtitle":"We're building a global network of citizen scientists to discover the reason bee populations are declining throughout the world.","home_slide1_button_label":"Shop Now!","home_slide1_button_href":"\/collections\/products","home_slide2":false,"nav_left_link_image":"symbol-aker-kits.svg","nav_left_link_title":"aker kits","nav_left_link_href":"https:\/\/akerkits.com\/","nav_right_link_image":"symbol-open-beehives.svg","nav_right_link_title":"open beehives","nav_right_link_href":"https:\/\/opensourcebeehives.com\/","contact_map_info_symbol":"symbol-open-beehives.svg","search_modal_title":"Search OSBH","newsletter_title":"OSBH Newsletter","newsletter_header_color":"#dfa700","newsletter_header_image":"newsletter-bg-osbh.png","newsletter_header_gradient":"linear-gradient(254deg, #dfa700 1%, #9e7600)","about_theme":"osbh","social_email":"","social_facebook":"https:\/\/www.facebook.com\/opensourcebeehives\/","social_flickr":"","social_google_plus":"","social_instagram":"https:\/\/www.instagram.com\/osbeehives\/","social_linkedin":"","social_pinterest":"","social_tumblr":"","social_twitter":"https:\/\/twitter.com\/OSBeehives","social_vimeo":"","social_youtube":"","favicon_image":"favicon-osbh.png","newsletter_form_action":"\/\/akerkits.us7.list-manage.com\/subscribe?u=295deb81534dfcfc2d3483505&id=a381db69d5","show_buzzbox_page":true}}}